SNP	CHR	BP	P
rs613872	18	53210302	1.0522927001642927e-13
rs618869	18	53248151	2.924258133780544e-13
rs10821203	9	96447466	3.2426974581533614e-13
rs596668	18	53264343	3.5215336519506974e-13
rs10761240	9	96361922	4.468440558047911e-13
rs10123378	9	96375217	4.539403295363389e-13
rs10992797	9	96362115	5.186364608824785e-13
rs4568663	9	96372325	5.211394743669759e-13
rs10117225	9	96367345	5.222026648671351e-13
rs629376	18	53331267	5.601187014238398e-13
rs652714	18	53321026	5.633748947222158e-13
rs1412048	9	96362967	5.697229744661988e-13
rs611775	18	53337939	7.547499176019743e-13
rs1412050	9	96270756	1.006860249955305e-12
rs10821147	9	96271367	1.0592680987058356e-12
rs10821148	9	96283304	1.1645631050872357e-12
rs10992768	9	96276135	1.1645631050872357e-12
rs2183760	9	96279334	1.1798331023318844e-12
rs3813388	9	96300597	1.3261447112675105e-12
rs10992780	9	96304767	1.3975817957739165e-12
rs4744249	9	96256847	1.4068877304491876e-12
rs4404733	5	152251897	1.443692583827392e-12
rs10992759	9	96257626	1.4447555103987302e-12
rs1556416	9	96256583	1.4447555103987302e-12
rs4744247	9	96256487	1.4624553247338637e-12
rs10761233	9	96292166	1.4627561927598518e-12
rs10821141	9	96258838	1.546567027698488e-12
rs2297376	9	96259582	1.5599270049278024e-12
rs4533947	5	152260682	1.5828944158434748e-12
rs3924314	5	152302912	1.649208286857786e-12
rs4304124	5	152260774	1.833407117315416e-12
rs9285647	5	152279502	2.3247549398803307e-12
rs4744250	9	96271752	2.760068664722195e-12
rs11167603	5	152282386	3.837480933779518e-12
rs12379660	9	96182487	7.413154353646298e-12
rs938011	11	57709997	1.0381672488243754e-11
rs7102929	11	57731052	1.0451075717385618e-11
rs4743922	9	96234692	1.1643248419160918e-11
rs10761229	9	96237376	1.2203994109944429e-11
rs10992749	9	96232874	1.2738531771890028e-11
rs11791374	9	96245287	1.3752765161156957e-11
rs11601082	11	57727084	1.41755612553427e-11
rs10821128	9	96209943	1.753233768401994e-11
rs11229292	11	57984777	2.5321655997584166e-11
rs1055710	9	96214928	2.7291593834919057e-11
rs1397273	11	57705324	3.1495475549887434e-11
rs2333611	14	30092677	3.3019702004183823e-11
rs7930102	11	57814759	3.3544962023142823e-11
rs1966836	11	57982229	3.809294982804945e-11
rs12792638	11	57751354	4.798724910119916e-11
rs609154	11	57696234	5.1400311663327517e-11
rs3783301	14	30070909	5.494095299838589e-11
rs2181179	14	30073056	6.602700034582765e-11
rs3783300	14	30070659	1.0372141232686765e-10
rs11604305	11	57969053	1.29348309728499e-10
rs12433335	14	30086481	1.5067703665266462e-10
rs12804093	11	57734088	1.5437151514056832e-10
rs12431960	14	30081959	1.8631071248914627e-10
rs17652742	14	30078329	2.427339425620845e-10
rs2122801	11	57934480	2.9670271279716557e-10
rs9309882	3	81984281	3.1262211312221384e-10
rs6548786	3	81997510	3.174366417589405e-10
rs6548788	3	82005088	3.309835405653205e-10
rs7620422	3	81999023	3.427936536408861e-10
rs4465966	3	82009703	3.4364927774679433e-10
rs3787317	20	48041211	4.2869458718155776e-10
rs4465962	3	82005704	4.5689162508601883e-10
rs9309883	3	82014428	5.858605190043992e-10
rs4287000	9	96451784	6.603688717746893e-10
rs784232	18	53427481	7.98520161072765e-10
rs784235	18	53423144	1.0165651578967803e-09
rs17565365	5	152056234	1.2074068481992482e-09
rs17113771	5	152278020	1.3815163716500743e-09
rs9947593	18	53448395	1.3844394704132331e-09
rs17565505	5	152064433	1.5195193965174724e-09
rs72799186	5	152182121	1.570674913713381e-09
rs12659802	5	152274478	2.118910079322244e-09
rs2126787	18	53462608	2.272273779878866e-09
rs11956651	5	152011814	2.4908735390053543e-09
rs6548780	3	81975649	2.6407696697575783e-09
rs4757144	11	13331226	2.788749910832872e-09
rs10515676	5	152013887	2.831803915724237e-09
rs11601296	11	58423297	3.0933721477624234e-09
rs4398624	5	152018343	3.2432141003165902e-09
rs3783305	14	30168586	3.276757495022892e-09
rs2030708	3	81967436	3.313626733226733e-09
rs1959433	14	30157147	3.592903111427438e-09
rs11851251	14	30159776	4.0813924969709395e-09
rs11847410	14	30159698	4.165992521208364e-09
rs3772902	3	81723365	4.257292025149666e-09
rs10046082	5	151961446	4.373631325371708e-09
rs9322846	14	30177166	4.380103931142707e-09
rs4478368	5	152291650	4.389162664762654e-09
rs4360032	5	151963064	4.5055492979557805e-09
rs10149558	14	30180340	4.688732107060009e-09
rs17489682	5	152312444	4.736355177285241e-09
rs4262150	5	152288453	4.946695634933639e-09
rs10515678	5	152323236	5.861586452416859e-09
rs2961760	5	151939905	6.015023889182426e-09
rs17565727	5	152081338	6.174063951918826e-09
rs4463219	5	152288557	6.1765959029672076e-09
rs4958573	5	152091739	6.4148729478831e-09
rs2961765	5	151931175	6.486286529910826e-09
rs1953717	14	30153674	6.638228716657957e-09
rs4958560	5	151929836	6.799323965926524e-09
rs2961766	5	151931892	6.924652305005575e-09
rs4310018	5	152286204	7.272784241035661e-09
rs4958561	5	151930231	7.309242450691179e-09
rs12537384	7	115025708	7.470730819385596e-09
rs17566118	5	152088546	7.612021750381588e-09
rs17454420	5	152014941	7.74310171406199e-09
rs6579959	5	152107383	8.248893600316531e-09
rs4285285	5	152289810	1.0213579899608269e-08
rs4381968	3	82020398	1.086751269341974e-08
rs3909300	5	125371267	1.0990279639242175e-08
rs13036715	20	47817815	1.1398724555806622e-08
rs11845981	14	30160124	1.1406350761908014e-08
rs2691093	3	81885274	1.1554034175353416e-08
rs35822506	20	48088332	1.1658541544346812e-08
rs2225899	14	30159254	1.3317622401584591e-08
rs4788808	16	71615613	1.3405723926475301e-08
rs34500768	20	48094964	1.3878912537005493e-08
rs11601742	11	58230672	1.495711245618098e-08
rs6999893	8	22465427	1.6497660484027913e-08
rs7614859	3	80463682	1.7788121423847487e-08
rs9309860	3	80471300	1.8020930168666852e-08
rs11022762	11	13335926	1.9471943620774442e-08
rs6774677	3	80465647	1.9862143836289762e-08
rs72799148	5	152107108	2.023855225622904e-08
rs9860204	3	81923541	2.1828650818828885e-08
rs7712273	5	125370720	2.1895806740963532e-08
rs76441558	1	91042852	2.253385887023324e-08
rs1035401	5	151709678	2.4040146572760277e-08
rs2306518	8	22470308	2.4325860513138893e-08
rs1363418	5	151699834	2.4429005912528005e-08
rs17543421	5	151701350	2.4460365782595736e-08
rs1538482	20	47705496	2.4663978926877226e-08
rs1035400	5	151709900	2.5173186438058983e-08
rs9822266	3	81923706	2.5205520239379204e-08
rs1556876	20	47716451	2.6094355820006597e-08
rs7611902	3	81921467	2.69581533271544e-08
rs1973804	3	81962522	2.697520830639436e-08
rs6019806	20	48013369	2.7961980766163254e-08
rs6809002	3	80461424	2.821055251621897e-08
rs6019800	20	48010792	2.8817545695568383e-08
rs720745	8	22471147	2.897524518568026e-08
rs2348647	5	151714361	2.9069078161765944e-08
rs1452791	18	53177132	2.937470001152108e-08
rs17447016	5	151737559	2.9446343406160866e-08
rs6019794	20	48009445	3.00045584268872e-08
rs888877	5	151760425	3.111792484104299e-08
rs4958529	5	151727891	3.14087311752857e-08
rs11514944	7	115099020	3.1564596200047095e-08
rs6095396	20	47627170	3.172155284890903e-08
rs17548854	5	151901555	3.178970262494538e-08
rs10485610	20	48008281	3.330302050666064e-08
rs991637	5	151748808	3.3345845167209816e-08
rs12517092	5	152054744	3.3563461793984504e-08
rs10485609	20	47665612	3.3890910759383487e-08
rs6803932	3	81818526	3.4020730445355634e-08
rs6868912	5	125382449	3.5274329472508685e-08
rs957670	3	81962838	3.551003254225984e-08
rs1983528	20	47686290	3.553546981774346e-08
rs6095391	20	47618835	3.739992648577638e-08
rs17113138	5	151731277	3.7938177271701546e-08
rs17202777	20	50927090	3.912888757759588e-08
rs2218868	11	57925977	4.004625413864304e-08
rs591322	11	57684680	4.104416662959747e-08
rs2691079	3	81860120	4.1383357288797285e-08
rs925680	3	80457363	4.1843285410580726e-08
rs7130768	11	57926106	4.247267919830217e-08
rs1375086	3	81728517	4.260769284828353e-08
rs2691080	3	81859144	4.2615510167387976e-08
rs4245215	11	57713781	4.2674839790725785e-08
rs2075679	20	47701589	4.293170258575205e-08
rs10792118	11	57709146	4.423338826779869e-08
rs10270358	7	114948351	4.51270729725782e-08
rs2680259	3	81844807	4.574321828248324e-08
rs72791435	5	151774305	4.660157669786855e-08
rs2680245	3	81805517	4.7699757160690265e-08
rs11229170	11	57705936	4.7867989258001433e-08
rs10264504	7	114956058	4.7911431235049465e-08
rs2961745	5	151916826	4.9089621088516696e-08
rs6012564	20	47541600	4.918046323419492e-08
rs1569750	20	47603241	4.9518540831052493e-08
