locus_id	SNP	CHR	BP	P	method
locus_0001_chr1_91042852	rs76441558	1	91042852	2.253385887023324e-08	distance
locus_0002_chr3_80463682	rs7614859	3	80463682	1.7788121423847487e-08	distance
locus_0003_chr3_81984281	rs9309882	3	81984281	3.1262211312221384e-10	distance
locus_0004_chr5_125371267	rs3909300	5	125371267	1.0990279639242175e-08	distance
locus_0005_chr5_151709678	rs1035401	5	151709678	2.4040146572760277e-08	distance
locus_0006_chr5_152251897	rs4404733	5	152251897	1.443692583827392e-12	distance
locus_0007_chr7_115025708	rs12537384	7	115025708	7.470730819385596e-09	distance
locus_0008_chr8_22465427	rs6999893	8	22465427	1.6497660484027913e-08	distance
locus_0009_chr9_96447466	rs10821203	9	96447466	3.2426974581533614e-13	distance
locus_0010_chr11_13331226	rs4757144	11	13331226	2.788749910832872e-09	distance
locus_0011_chr11_57709997	rs938011	11	57709997	1.0381672488243754e-11	distance
locus_0012_chr11_58423297	rs11601296	11	58423297	3.0933721477624234e-09	distance
locus_0013_chr14_30092677	rs2333611	14	30092677	3.3019702004183823e-11	distance
locus_0014_chr16_71615613	rs4788808	16	71615613	1.3405723926475301e-08	distance
locus_0015_chr18_53210302	rs613872	18	53210302	1.0522927001642927e-13	distance
locus_0016_chr20_48041211	rs3787317	20	48041211	4.2869458718155776e-10	distance
locus_0017_chr20_50927090	rs17202777	20	50927090	3.912888757759588e-08	distance
